{
    "display": {
      "icon": {
        "item": "minecraft:carrot_on_a_stick",
        "nbt": "{CustomModelData:393000}"
      },
      "title": {
        "translate": "oa.advancement.title.bucket_lobster"
      },
      "description": {
        "translate": "oa.advancement.description.bucket_lobster"
      },
      "show_toast": true,
      "announce_to_chat": true,
      "hidden": false
    },
    "parent": "minecraft:husbandry/tactical_fishing",
    "criteria": {
      "requirement": {
        "trigger": "minecraft:impossible",
        "conditions": {}
      }
    }
  }
  