{
  "display": {
    "title": {
      "translate": "OCEAN ADDITIONS\n(MISSING RESOURCES)",
      "with": [
        [{
          "translate": "oa.pack"
        }]
      ]
    },
    "description": {
      "translate": "The Ocean Additions Resource Pack is not installed.",
      "with": [
        [{
            "translate": "oa.advancements.installed_datapacks_menu.description_1",
            "color": "cyan"
          },
          {
            "translate": "oa.config.version",
            "color": "blue"
          },
          {
            "translate": "oa.advancements.installed_datapacks_menu.description_2",
            "color": "gray"
          }
        ]
      ]
    },
    "show_toast": false,
    "announce_to_chat": false,
    "icon": {
      "item": "minecraft:structure_block",
      "nbt": "{CustomModelData:393999}"
    }
  },
  "parent": "global:primalugly",
  "criteria": {
    "trigger": {
      "trigger": "minecraft:tick"
    }
  }
}
