{
    "display": {
      "icon": {
        "item": "minecraft:heart_of_the_sea"
      },
      "title": {
        "translate": "oa.advancement.title.heart_of_the_sea"
      },
      "description": {
        "translate": "oa.advancement.description.heart_of_the_sea"
      },
      "frame": "task",
      "show_toast": true,
      "announce_to_chat": true,
      "hidden": false
    },
    "parent": "minecraft:adventure/root",
    "criteria": {
      "requirement": {
        "trigger": "minecraft:inventory_changed",
        "conditions": {
          "items": [
            {
              "items": [
                "minecraft:heart_of_the_sea"
              ]
            }
          ]
        }
      }
    }
  }
  