{
    "display": {
      "icon": {
        "item": "minecraft:carrot_on_a_stick",
        "nbt": "{CustomModelData:393009}"
      },
      "title": {
        "translate": "oa.advancement.title.ocean_core"
      },
      "description": {
        "translate": "oa.advancement.description.ocean_core"
      },
      "frame": "task",
      "show_toast": true,
      "announce_to_chat": true,
      "hidden": true
    },
    "parent": "ocean_additions:adventure/heart_of_the_sea",
    "criteria": {
      "requirement": {
        "trigger": "minecraft:inventory_changed",
        "conditions": {
          "items": [
            {
              "items": [
                "minecraft:carrot_on_a_stick"
              ],
              "nbt": "{oa:{id:\"ocean_core\"}}"
            }
          ]
        }
      }
    }
  }
  