{
  "rewards": {
    "function": "ocean_additions:entity/player/crafted_item",
    "loot": ["ocean_additions:items/ocean_core"]
  },
  "criteria": {
    "has_the_recipe": {
      "trigger": "minecraft:recipe_unlocked",
      "conditions": {
        "player": [
          {
            "condition": "minecraft:entity_scores",
            "entity": "this",
            "scores": {
              "oa.crafted_item": {
                "min": 1
              }
            }
          }
        ],
        "recipe": "ocean_additions:ocean_core"
      }
    }
  }
}
