[
  {
    "function": "minecraft:copy_nbt",
    "source": {
      "type": "minecraft:storage",
      "source": "oa:storage"
    },
    "ops": [
      {
        "source": "root.temp.armor.tag.oa",
        "target": "oa",
        "op": "replace"
      }
    ]
  },
  {
    "function": "minecraft:set_lore",
    "entity": "this",
    "lore": [
      {
        "translate": "oa.pack",
        "color": "blue",
        "italic": true
      },
      {
        "translate": "oa.item.ocean_king_armor.description",
        "color": "purple",
        "italic": false
      }
    ],
    "replace": true
  }
]
