{
  "criteria": {
    "bucket_lobster": {
      "trigger": "minecraft:player_interacted_with_entity",
      "conditions": {
        "player": [
          {
            "condition": "minecraft:alternative",
            "terms": [
              {
                "condition": "minecraft:entity_properties",
                "entity": "this",
                "predicate": {
                  "equipment": {
                    "mainhand": {
                      "items": ["minecraft:bucket"],
                      "count": 1
                    }
                  }
                }
              }
            ]
          }
        ],
        "item": {
          "items": ["minecraft:bucket"]
        },
        "entity": {
          "nbt": "{Tags:[\"oa.lobster\"]}"
        }
      }
    }
  },
  "parent": "ocean_additions:technical/root",
  "rewards": {
    "function": "ocean_additions:entity/lobster/bucket/raycast_start"
  }
}
