{
    "display": {
        "title": {
            "text": "_"
        },
        "description": {
            "text": "_",
            "color": "green"
        },
        "icon": {
            "item": "minecraft:barrier"
        },
        "frame": "challenge",
        "show_toast": false,
        "announce_to_chat": false,
        "hidden": true,
        "background": "minecraft:textures/gui/advancements/backgrounds/stone.png"
    },
    "criteria": {
        "PlaceBlock": {
            "trigger": "minecraft:item_used_on_block",
            "conditions": {
                "item": {
                    "items": ["minecraft:structure_block"],
                    "nbt": "{oa.item:1b}"
                }
            }
        }
    },
    "parent": "ocean_additions:technical/root",
    "rewards": {
        "function": "ocean_additions:item/place_item"
    }
}