{
  "criteria": {
    "requirement": {
      "trigger": "minecraft:player_interacted_with_entity",
      "conditions": {
        "entity": [
          {
            "condition": "minecraft:entity_properties",
            "entity": "this",
            "predicate": {
              "type": "minecraft:armor_stand"
            }
          }
        ]
      }
    }
  },
  "parent": "ocean_additions:technical/root",
  "rewards": {
    "function": "ocean_additions:entity/player/interacted_with_armorstand"
  }
}
