{
    "criteria": {
      "requirement": {
        "trigger": "minecraft:entity_hurt_player",
        "conditions": {
          "player": [],
          "damage": {
            "blocked": false,
            "type": {
              "is_fire": false,
              "is_magic": false,
              "bypasses_armor": false,
              "bypasses_invulnerability": false,
              "bypasses_magic": false
            }
          }
        }
      }
    },
    "parent": "ocean_additions:technical/root",
    "rewards": {
      "function": "ocean_additions:entity/player/take_damage"
    }
  }
  