{
    "display": {
        "title": {
            "text": "_"
        },
        "description": {
            "text": "_",
            "color": "green"
        },
        "icon": {
            "item": "minecraft:barrier"
        },
        "frame": "challenge",
        "show_toast": false,
        "announce_to_chat": false,
        "hidden": true,
        "background": "minecraft:textures/gui/advancements/backgrounds/stone.png"
    },
    "criteria": {
        "PlaceBlock": {
            "trigger": "minecraft:item_used_on_block",
            "conditions": {
                "item": {
                    "items": ["minecraft:ghast_spawn_egg"],
                    "nbt": "{oa:{id:\"lobster_spawn_egg\"}}"
                }
            }
        }
    },
    "rewards": {
        "function": "ocean_additions:entity/lobster/spawn_egg"
    }
}