{
	"credit": "Made with Blockbench",
	"textures": {
		"all": "ocean_additions:entity/mantis_shrimp/texture"
	},
	"elements": [
		{
			"from": [15, 8, -4],
			"to": [16, 16, -3],
			"rotation": {"angle": -45, "axis": "x", "origin": [11.5, 11.5, 1.5]},
			"faces": {
				"north": {"uv": [2.125, 12.75, 1.125, 12.875], "rotation": 270, "texture": "#all", "tintindex": 0},
				"east": {"uv": [1.25, 12.875, 2.25, 13], "rotation": 270, "texture": "#all", "tintindex": 0},
				"south": {"uv": [1.125, 12.875, 0.125, 12.75], "rotation": 270, "texture": "#all", "tintindex": 0},
				"west": {"uv": [0.125, 12.875, 1.125, 13], "rotation": 90, "texture": "#all", "tintindex": 0},
				"up": {"uv": [0, 12.875, 0.125, 13], "rotation": 180, "texture": "#all", "tintindex": 0},
				"down": {"uv": [1.125, 12.875, 1.25, 13], "texture": "#all", "tintindex": 0}
			}
		},
		{
			"from": [2, -5.82812, -2.67187],
			"to": [14, -1.82812, 14.32813],
			"rotation": {"angle": 45, "axis": "x", "origin": [8, 0, 21]},
			"faces": {
				"north": {"uv": [2.125, 2.125, 3.625, 2.625], "texture": "#all", "tintindex": 0},
				"east": {"uv": [0, 2.125, 2.125, 2.625], "texture": "#all", "tintindex": 0},
				"south": {"uv": [5.75, 2.125, 7.25, 2.625], "texture": "#all", "tintindex": 0},
				"west": {"uv": [3.625, 2.125, 5.75, 2.625], "texture": "#all", "tintindex": 0},
				"up": {"uv": [3.625, 2.125, 2.125, 0], "texture": "#all", "tintindex": 0},
				"down": {"uv": [5.125, 0, 3.625, 2.125], "texture": "#all", "tintindex": 0}
			}
		},
		{
			"from": [15, 10, 1],
			"to": [15, 13, 6],
			"rotation": {"angle": 22.5, "axis": "y", "origin": [11.5, 11.5, 1.5]},
			"faces": {
				"north": {"uv": [5.375, 13.125, 5.375, 13.5], "texture": "#all", "tintindex": 0},
				"east": {"uv": [4.75, 13.125, 5.375, 13.5], "texture": "#all", "tintindex": 0},
				"south": {"uv": [6, 13.125, 6, 13.5], "texture": "#all", "tintindex": 0},
				"west": {"uv": [5.375, 13.125, 6, 13.5], "texture": "#all", "tintindex": 0},
				"up": {"uv": [5.375, 13.125, 5.375, 12.5], "texture": "#all", "tintindex": 0},
				"down": {"uv": [5.375, 12.5, 5.375, 13.125], "texture": "#all", "tintindex": 0}
			}
		},
		{
			"from": [13.75, 6, 3.5],
			"to": [13.75, 9, 8.5],
			"rotation": {"angle": 22.5, "axis": "y", "origin": [11.5, 11.5, 1.5]},
			"faces": {
				"north": {"uv": [6.625, 13.125, 6.625, 13.5], "texture": "#all", "tintindex": 0},
				"east": {"uv": [6, 13.125, 6.625, 13.5], "texture": "#all", "tintindex": 0},
				"south": {"uv": [7.25, 13.125, 7.25, 13.5], "texture": "#all", "tintindex": 0},
				"west": {"uv": [6.625, 13.125, 7.25, 13.5], "texture": "#all", "tintindex": 0},
				"up": {"uv": [6.625, 13.125, 6.625, 12.5], "texture": "#all", "tintindex": 0},
				"down": {"uv": [6.625, 12.5, 6.625, 13.125], "texture": "#all", "tintindex": 0}
			}
		},
		{
			"from": [2.25, 6, 3.5],
			"to": [2.25, 9, 8.5],
			"rotation": {"angle": -22.5, "axis": "y", "origin": [4.5, 11.5, 1.5]},
			"faces": {
				"north": {"uv": [4.125, 13.125, 4.125, 13.5], "texture": "#all", "tintindex": 0},
				"east": {"uv": [3.5, 13.125, 4.125, 13.5], "texture": "#all", "tintindex": 0},
				"south": {"uv": [4.75, 13.125, 4.75, 13.5], "texture": "#all", "tintindex": 0},
				"west": {"uv": [4.125, 13.125, 4.75, 13.5], "texture": "#all", "tintindex": 0},
				"up": {"uv": [4.125, 13.125, 4.125, 12.5], "texture": "#all", "tintindex": 0},
				"down": {"uv": [4.125, 12.5, 4.125, 13.125], "texture": "#all", "tintindex": 0}
			}
		},
		{
			"from": [2.25, 7, 3.5],
			"to": [5.25, 8, 4.5],
			"rotation": {"angle": -22.5, "axis": "y", "origin": [4.5, 11.5, 1.5]},
			"faces": {
				"north": {"uv": [2.125, 14.5, 2.5, 14.625], "texture": "#all", "tintindex": 0},
				"east": {"uv": [2, 14.5, 2.125, 14.625], "texture": "#all", "tintindex": 0},
				"south": {"uv": [2.625, 14.5, 3, 14.625], "texture": "#all", "tintindex": 0},
				"west": {"uv": [2.5, 14.5, 2.625, 14.625], "texture": "#all", "tintindex": 0},
				"up": {"uv": [2.5, 14.5, 2.125, 14.375], "texture": "#all", "tintindex": 0},
				"down": {"uv": [2.875, 14.375, 2.5, 14.5], "texture": "#all", "tintindex": 0}
			}
		},
		{
			"from": [1, 10, 1],
			"to": [1, 13, 6],
			"rotation": {"angle": -22.5, "axis": "y", "origin": [4.5, 11.5, 1.5]},
			"faces": {
				"north": {"uv": [2.875, 13.125, 2.875, 13.5], "texture": "#all", "tintindex": 0},
				"east": {"uv": [2.25, 13.125, 2.875, 13.5], "texture": "#all", "tintindex": 0},
				"south": {"uv": [3.5, 13.125, 3.5, 13.5], "texture": "#all", "tintindex": 0},
				"west": {"uv": [2.875, 13.125, 3.5, 13.5], "texture": "#all", "tintindex": 0},
				"up": {"uv": [2.875, 13.125, 2.875, 12.5], "texture": "#all", "tintindex": 0},
				"down": {"uv": [2.875, 12.5, 2.875, 13.125], "texture": "#all", "tintindex": 0}
			}
		},
		{
			"from": [1, 11, 1],
			"to": [5, 12, 2],
			"rotation": {"angle": -22.5, "axis": "y", "origin": [4.5, 11.5, 1.5]},
			"faces": {
				"north": {"uv": [3.125, 13.625, 3.625, 13.75], "texture": "#all", "tintindex": 0},
				"east": {"uv": [3, 13.625, 3.125, 13.75], "texture": "#all", "tintindex": 0},
				"south": {"uv": [3.75, 13.625, 4.25, 13.75], "texture": "#all", "tintindex": 0},
				"west": {"uv": [3.625, 13.625, 3.75, 13.75], "texture": "#all", "tintindex": 0},
				"up": {"uv": [3.625, 13.625, 3.125, 13.5], "texture": "#all", "tintindex": 0},
				"down": {"uv": [4.125, 13.5, 3.625, 13.625], "texture": "#all", "tintindex": 0}
			}
		},
		{
			"from": [10.75, 7, 3.5],
			"to": [13.75, 8, 4.5],
			"rotation": {"angle": 22.5, "axis": "y", "origin": [11.5, 11.5, 1.5]},
			"faces": {
				"north": {"uv": [2.125, 14.75, 2.5, 14.875], "texture": "#all", "tintindex": 0},
				"east": {"uv": [2, 14.75, 2.125, 14.875], "texture": "#all", "tintindex": 0},
				"south": {"uv": [2.625, 14.75, 3, 14.875], "texture": "#all", "tintindex": 0},
				"west": {"uv": [2.5, 14.75, 2.625, 14.875], "texture": "#all", "tintindex": 0},
				"up": {"uv": [2.5, 14.75, 2.125, 14.625], "texture": "#all", "tintindex": 0},
				"down": {"uv": [2.875, 14.625, 2.5, 14.75], "texture": "#all", "tintindex": 0}
			}
		},
		{
			"from": [11, 11, 1],
			"to": [15, 12, 2],
			"rotation": {"angle": 22.5, "axis": "y", "origin": [11.5, 11.5, 1.5]},
			"faces": {
				"north": {"uv": [3.125, 13.875, 3.625, 14], "texture": "#all", "tintindex": 0},
				"east": {"uv": [3, 13.875, 3.125, 14], "texture": "#all", "tintindex": 0},
				"south": {"uv": [3.75, 13.875, 4.25, 14], "texture": "#all", "tintindex": 0},
				"west": {"uv": [3.625, 13.875, 3.75, 14], "texture": "#all", "tintindex": 0},
				"up": {"uv": [3.625, 13.875, 3.125, 13.75], "texture": "#all", "tintindex": 0},
				"down": {"uv": [4.125, 13.75, 3.625, 13.875], "texture": "#all", "tintindex": 0}
			}
		},
		{
			"from": [9, 13, -2],
			"to": [12, 16, 1],
			"rotation": {"angle": 0, "axis": "x", "origin": [8, 0, 21]},
			"faces": {
				"north": {"uv": [1.875, 13.875, 2.25, 14.25], "texture": "#all", "tintindex": 0},
				"east": {"uv": [1.5, 13.875, 1.875, 14.25], "texture": "#all", "tintindex": 0},
				"south": {"uv": [2.625, 13.875, 3, 14.25], "texture": "#all", "tintindex": 0},
				"west": {"uv": [2.25, 13.875, 2.625, 14.25], "texture": "#all", "tintindex": 0},
				"up": {"uv": [2.25, 13.875, 1.875, 13.5], "texture": "#all", "tintindex": 0},
				"down": {"uv": [2.625, 13.5, 2.25, 13.875], "texture": "#all", "tintindex": 0}
			}
		},
		{
			"from": [4, 13, -2],
			"to": [7, 16, 1],
			"rotation": {"angle": 0, "axis": "x", "origin": [8, 0, 21]},
			"faces": {
				"north": {"uv": [0.375, 13.875, 0.75, 14.25], "texture": "#all", "tintindex": 0},
				"east": {"uv": [0, 13.875, 0.375, 14.25], "texture": "#all", "tintindex": 0},
				"south": {"uv": [1.125, 13.875, 1.5, 14.25], "texture": "#all", "tintindex": 0},
				"west": {"uv": [0.75, 13.875, 1.125, 14.25], "texture": "#all", "tintindex": 0},
				"up": {"uv": [0.75, 13.875, 0.375, 13.5], "texture": "#all", "tintindex": 0},
				"down": {"uv": [1.125, 13.5, 0.75, 13.875], "texture": "#all", "tintindex": 0}
			}
		},
		{
			"from": [5, 11, 0],
			"to": [11, 14, 2],
			"rotation": {"angle": 0, "axis": "x", "origin": [8, 0, 21]},
			"faces": {
				"north": {"uv": [12.25, 11.625, 13, 12], "texture": "#all", "tintindex": 0},
				"east": {"uv": [12, 11.625, 12.25, 12], "texture": "#all", "tintindex": 0},
				"south": {"uv": [13.25, 11.625, 14, 12], "texture": "#all", "tintindex": 0},
				"west": {"uv": [13, 11.625, 13.25, 12], "texture": "#all", "tintindex": 0},
				"up": {"uv": [13, 11.625, 12.25, 11.375], "texture": "#all", "tintindex": 0},
				"down": {"uv": [13.75, 11.375, 13, 11.625], "texture": "#all", "tintindex": 0}
			}
		},
		{
			"from": [4, -7.45312, -0.89062],
			"to": [12, -5.45312, 17.10938],
			"rotation": {"angle": 45, "axis": "x", "origin": [8, 0, 21]},
			"faces": {
				"north": {"uv": [2.25, 7.375, 3.25, 7.625], "texture": "#all", "tintindex": 0},
				"east": {"uv": [0, 7.375, 2.25, 7.625], "texture": "#all", "tintindex": 0},
				"south": {"uv": [5.5, 7.375, 6.5, 7.625], "texture": "#all", "tintindex": 0},
				"west": {"uv": [3.25, 7.375, 5.5, 7.625], "texture": "#all", "tintindex": 0},
				"up": {"uv": [3.25, 7.375, 2.25, 5.125], "texture": "#all", "tintindex": 0},
				"down": {"uv": [4.25, 5.125, 3.25, 7.375], "texture": "#all", "tintindex": 0}
			}
		},
		{
			"from": [0, 8, -4],
			"to": [1, 16, -3],
			"rotation": {"angle": -45, "axis": "x", "origin": [4.5, 11.5, 1.5]},
			"faces": {
				"north": {"uv": [2.125, 12.5, 1.125, 12.625], "rotation": 90, "texture": "#all", "tintindex": 0},
				"east": {"uv": [0.125, 12.625, 1.125, 12.75], "rotation": 270, "texture": "#all", "tintindex": 0},
				"south": {"uv": [1.125, 12.625, 0.125, 12.5], "rotation": 90, "texture": "#all", "tintindex": 0},
				"west": {"uv": [1.25, 12.625, 2.25, 12.75], "rotation": 90, "texture": "#all", "tintindex": 0},
				"up": {"uv": [1.125, 12.625, 1.25, 12.75], "rotation": 180, "texture": "#all", "tintindex": 0},
				"down": {"uv": [0, 12.625, 0.125, 12.75], "texture": "#all", "tintindex": 0}
			}
		},
		{
			"from": [-3, 11, -1],
			"to": [5, 12, 0],
			"rotation": {"angle": -45, "axis": "y", "origin": [4.5, 11.5, 1.5]},
			"faces": {
				"north": {"uv": [0.125, 13.125, 1.125, 13.25], "texture": "#all", "tintindex": 0},
				"east": {"uv": [0, 13.125, 0.125, 13.25], "texture": "#all", "tintindex": 0},
				"south": {"uv": [1.25, 13.125, 2.25, 13.25], "texture": "#all", "tintindex": 0},
				"west": {"uv": [1.125, 13.125, 1.25, 13.25], "texture": "#all", "tintindex": 0},
				"up": {"uv": [1.125, 13.125, 0.125, 13], "texture": "#all", "tintindex": 0},
				"down": {"uv": [2.125, 13, 1.125, 13.125], "texture": "#all", "tintindex": 0}
			}
		},
		{
			"from": [11, 11, -1],
			"to": [19, 12, 0],
			"rotation": {"angle": 45, "axis": "y", "origin": [11.5, 11.5, 1.5]},
			"faces": {
				"north": {"uv": [0.125, 13.375, 1.125, 13.5], "texture": "#all", "tintindex": 0},
				"east": {"uv": [0, 13.375, 0.125, 13.5], "texture": "#all", "tintindex": 0},
				"south": {"uv": [1.25, 13.375, 2.25, 13.5], "texture": "#all", "tintindex": 0},
				"west": {"uv": [1.125, 13.375, 1.25, 13.5], "texture": "#all", "tintindex": 0},
				"up": {"uv": [1.125, 13.375, 0.125, 13.25], "texture": "#all", "tintindex": 0},
				"down": {"uv": [2.125, 13.25, 1.125, 13.375], "texture": "#all", "tintindex": 0}
			}
		}
	],
	"display": {
		"head": {
			"rotation": [0.5, 0, 0],
			"translation": [0, -6.57, 0],
			"scale": [1.601, 1.601, 1.601]
		}
	}
}