{
  "textures": {
    "all": "ocean_additions:entity/mantis_shrimp/texture"
  },
  "elements": [
    {
      "from": [
        5.75,
        -4.25,
        7.5
      ],
      "to": [
        6.75,
        1.75,
        8.5
      ],
      "rotation": {
        "angle": -22.5,
        "axis": "z",
        "origin": [
          12.0,
          9.0,
          8.5
        ]
      },
      "faces": {
        "north": {
          "texture": "#all", "tintindex": 0,
          "uv": [
            6.875,
            13.625,
            7.0,
            14.375
          ]
        },
        "south": {
          "texture": "#all", "tintindex": 0,
          "uv": [
            7.125,
            13.625,
            7.25,
            14.375
          ]
        },
        "east": {
          "texture": "#all", "tintindex": 0,
          "uv": [
            6.75,
            13.625,
            6.875,
            14.375
          ]
        },
        "west": {
          "texture": "#all", "tintindex": 0,
          "uv": [
            7.0,
            13.625,
            7.125,
            14.375
          ]
        },
        "up": {
          "texture": "#all", "tintindex": 0,
          "uv": [
            7.0,
            13.625,
            6.875,
            13.5
          ]
        },
        "down": {
          "texture": "#all", "tintindex": 0,
          "uv": [
            7.125,
            13.5,
            7.0,
            13.625
          ]
        }
      }
    },
    {
      "from": [
        9.0,
        0.0,
        7.5
      ],
      "to": [
        10.0,
        6.0,
        8.5
      ],
      "rotation": {
        "angle": -45.0,
        "axis": "z",
        "origin": [
          12.0,
          9.0,
          8.5
        ]
      },
      "faces": {
        "north": {
          "texture": "#all", "tintindex": 0,
          "uv": [
            6.375,
            13.625,
            6.5,
            14.375
          ]
        },
        "south": {
          "texture": "#all", "tintindex": 0,
          "uv": [
            6.625,
            13.625,
            6.75,
            14.375
          ]
        },
        "east": {
          "texture": "#all", "tintindex": 0,
          "uv": [
            6.25,
            13.625,
            6.375,
            14.375
          ]
        },
        "west": {
          "texture": "#all", "tintindex": 0,
          "uv": [
            6.5,
            13.625,
            6.625,
            14.375
          ]
        },
        "up": {
          "texture": "#all", "tintindex": 0,
          "uv": [
            6.5,
            13.625,
            6.375,
            13.5
          ]
        },
        "down": {
          "texture": "#all", "tintindex": 0,
          "uv": [
            6.625,
            13.5,
            6.5,
            13.625
          ]
        }
      }
    }
  ],
  "display": {
    "head": {
      "rotation": [
        0.5,
        0.0,
        0.0
      ],
      "translation": [
        0.0,
        -6.57,
        0.0
      ],
      "scale": [
        1.601,
        1.601,
        1.601
      ]
    }
  }
}