{
  "textures": {
    "all": "ocean_additions:entity/mantis_shrimp/texture"
  },
  "elements": [
    {
      "from": [
        9.89625,
        3.9510899999999998,
        1.0
      ],
      "to": [
        18.896250000000002,
        3.9510899999999998,
        14.0
      ],
      "rotation": {
        "angle": -22.5,
        "axis": "z",
        "origin": [
          21.396250000000002,
          2.4510899999999998,
          11.0
        ]
      },
      "faces": {
        "north": {
          "texture": "#all", "tintindex": 0,
          "uv": [
            7.125,
            9.25,
            8.25,
            9.25
          ]
        },
        "south": {
          "texture": "#all", "tintindex": 0,
          "uv": [
            9.875,
            9.25,
            11.0,
            9.25
          ]
        },
        "east": {
          "texture": "#all", "tintindex": 0,
          "uv": [
            5.5,
            9.25,
            7.125,
            9.25
          ]
        },
        "west": {
          "texture": "#all", "tintindex": 0,
          "uv": [
            8.25,
            9.25,
            9.875,
            9.25
          ]
        },
        "up": {
          "texture": "#all", "tintindex": 0,
          "uv": [
            8.25,
            9.25,
            7.125,
            7.625
          ]
        },
        "down": {
          "texture": "#all", "tintindex": 0,
          "uv": [
            9.375,
            7.625,
            8.25,
            9.25
          ]
        }
      }
    },
    {
      "from": [
        1.0,
        0.0,
        10.0
      ],
      "to": [
        15.0,
        6.0,
        10.0
      ],
      "rotation": {
        "angle": 0.0,
        "axis": "x",
        "origin": [
          8.0,
          8.0,
          8.0
        ]
      },
      "faces": {
        "north": {
          "texture": "#all", "tintindex": 0,
          "uv": [
            11.5,
            9.5,
            13.25,
            10.25
          ]
        },
        "south": {
          "texture": "#all", "tintindex": 0,
          "uv": [
            13.25,
            9.5,
            15.0,
            10.25
          ]
        },
        "east": {
          "texture": "#all", "tintindex": 0,
          "uv": [
            11.5,
            9.5,
            11.5,
            10.25
          ]
        },
        "west": {
          "texture": "#all", "tintindex": 0,
          "uv": [
            13.25,
            9.5,
            13.25,
            10.25
          ]
        },
        "up": {
          "texture": "#all", "tintindex": 0,
          "uv": [
            13.25,
            9.5,
            11.5,
            9.5
          ]
        },
        "down": {
          "texture": "#all", "tintindex": 0,
          "uv": [
            15.0,
            9.5,
            13.25,
            9.5
          ]
        }
      }
    },
    {
      "from": [
        1.0,
        0.0,
        13.0
      ],
      "to": [
        15.0,
        6.0,
        13.0
      ],
      "rotation": {
        "angle": 0.0,
        "axis": "x",
        "origin": [
          8.0,
          8.0,
          8.0
        ]
      },
      "faces": {
        "north": {
          "texture": "#all", "tintindex": 0,
          "uv": [
            3.5,
            11.375,
            5.25,
            12.125
          ]
        },
        "south": {
          "texture": "#all", "tintindex": 0,
          "uv": [
            5.25,
            11.375,
            7.0,
            12.125
          ]
        },
        "east": {
          "texture": "#all", "tintindex": 0,
          "uv": [
            3.5,
            11.375,
            3.5,
            12.125
          ]
        },
        "west": {
          "texture": "#all", "tintindex": 0,
          "uv": [
            5.25,
            11.375,
            5.25,
            12.125
          ]
        },
        "up": {
          "texture": "#all", "tintindex": 0,
          "uv": [
            5.25,
            11.375,
            3.5,
            11.375
          ]
        },
        "down": {
          "texture": "#all", "tintindex": 0,
          "uv": [
            7.0,
            11.375,
            5.25,
            11.375
          ]
        }
      }
    },
    {
      "from": [
        1.0,
        0.0,
        16.0
      ],
      "to": [
        15.0,
        6.0,
        16.0
      ],
      "rotation": {
        "angle": 0.0,
        "axis": "x",
        "origin": [
          8.0,
          8.0,
          8.0
        ]
      },
      "faces": {
        "north": {
          "texture": "#all", "tintindex": 0,
          "uv": [
            0.0,
            11.375,
            1.75,
            12.125
          ]
        },
        "south": {
          "texture": "#all", "tintindex": 0,
          "uv": [
            1.75,
            11.375,
            3.5,
            12.125
          ]
        },
        "east": {
          "texture": "#all", "tintindex": 0,
          "uv": [
            0.0,
            11.375,
            0.0,
            12.125
          ]
        },
        "west": {
          "texture": "#all", "tintindex": 0,
          "uv": [
            1.75,
            11.375,
            1.75,
            12.125
          ]
        },
        "up": {
          "texture": "#all", "tintindex": 0,
          "uv": [
            1.75,
            11.375,
            0.0,
            11.375
          ]
        },
        "down": {
          "texture": "#all", "tintindex": 0,
          "uv": [
            3.5,
            11.375,
            1.75,
            11.375
          ]
        }
      }
    },
    {
      "from": [
        -2.89625,
        3.9510899999999998,
        1.0
      ],
      "to": [
        6.10375,
        3.9510899999999998,
        14.0
      ],
      "rotation": {
        "angle": 22.5,
        "axis": "z",
        "origin": [
          -5.39625,
          2.4510899999999998,
          11.0
        ]
      },
      "faces": {
        "north": {
          "texture": "#all", "tintindex": 0,
          "uv": [
            1.625,
            9.25,
            2.75,
            9.25
          ]
        },
        "south": {
          "texture": "#all", "tintindex": 0,
          "uv": [
            4.375,
            9.25,
            5.5,
            9.25
          ]
        },
        "east": {
          "texture": "#all", "tintindex": 0,
          "uv": [
            0.0,
            9.25,
            1.625,
            9.25
          ]
        },
        "west": {
          "texture": "#all", "tintindex": 0,
          "uv": [
            2.75,
            9.25,
            4.375,
            9.25
          ]
        },
        "up": {
          "texture": "#all", "tintindex": 0,
          "uv": [
            2.75,
            9.25,
            1.625,
            7.625
          ]
        },
        "down": {
          "texture": "#all", "tintindex": 0,
          "uv": [
            3.875,
            7.625,
            2.75,
            9.25
          ]
        }
      }
    },
    {
      "from": [
        4.0,
        6.0,
        0.0
      ],
      "to": [
        12.0,
        8.0,
        16.0
      ],
      "rotation": {
        "angle": 0.0,
        "axis": "x",
        "origin": [
          8.0,
          8.0,
          8.0
        ]
      },
      "faces": {
        "north": {
          "texture": "#all", "tintindex": 0,
          "uv": [
            8.5,
            7.125,
            9.5,
            7.375
          ]
        },
        "south": {
          "texture": "#all", "tintindex": 0,
          "uv": [
            11.5,
            7.125,
            12.5,
            7.375
          ]
        },
        "east": {
          "texture": "#all", "tintindex": 0,
          "uv": [
            6.5,
            7.125,
            8.5,
            7.375
          ]
        },
        "west": {
          "texture": "#all", "tintindex": 0,
          "uv": [
            9.5,
            7.125,
            11.5,
            7.375
          ]
        },
        "up": {
          "texture": "#all", "tintindex": 0,
          "uv": [
            9.5,
            7.125,
            8.5,
            5.125
          ]
        },
        "down": {
          "texture": "#all", "tintindex": 0,
          "uv": [
            10.5,
            5.125,
            9.5,
            7.125
          ]
        }
      }
    },
    {
      "from": [
        2.0,
        8.0,
        0.0
      ],
      "to": [
        14.0,
        12.0,
        16.0
      ],
      "rotation": {
        "angle": 0.0,
        "axis": "x",
        "origin": [
          8.0,
          8.0,
          8.0
        ]
      },
      "faces": {
        "north": {
          "texture": "#all", "tintindex": 0,
          "uv": [
            9.5,
            4.625,
            11.0,
            5.125
          ]
        },
        "south": {
          "texture": "#all", "tintindex": 0,
          "uv": [
            13.0,
            4.625,
            14.5,
            5.125
          ]
        },
        "east": {
          "texture": "#all", "tintindex": 0,
          "uv": [
            7.5,
            4.625,
            9.5,
            5.125
          ]
        },
        "west": {
          "texture": "#all", "tintindex": 0,
          "uv": [
            11.0,
            4.625,
            13.0,
            5.125
          ]
        },
        "up": {
          "texture": "#all", "tintindex": 0,
          "uv": [
            11.0,
            4.625,
            9.5,
            2.625
          ]
        },
        "down": {
          "texture": "#all", "tintindex": 0,
          "uv": [
            12.5,
            2.625,
            11.0,
            4.625
          ]
        }
      }
    }
  ],
  "display": {
    "head": {
      "rotation": [
        0.5,
        0.0,
        0.0
      ],
      "translation": [
        0.0,
        -6.57,
        0.0
      ],
      "scale": [
        1.601,
        1.601,
        1.601
      ]
    }
  }
}