{
  "textures": {
    "all": "ocean_additions:entity/mantis_shrimp/texture"
  },
  "elements": [
    {
      "from": [
        9.25,
        -4.25,
        7.5
      ],
      "to": [
        10.25,
        1.75,
        8.5
      ],
      "rotation": {
        "angle": 22.5,
        "axis": "z",
        "origin": [
          4.0,
          9.0,
          8.5
        ]
      },
      "faces": {
        "north": {
          "texture": "#all", "tintindex": 0,
          "uv": [
            0.125,
            14.5,
            0.25,
            15.25
          ]
        },
        "south": {
          "texture": "#all", "tintindex": 0,
          "uv": [
            0.375,
            14.5,
            0.5,
            15.25
          ]
        },
        "east": {
          "texture": "#all", "tintindex": 0,
          "uv": [
            0.0,
            14.5,
            0.125,
            15.25
          ]
        },
        "west": {
          "texture": "#all", "tintindex": 0,
          "uv": [
            0.25,
            14.5,
            0.375,
            15.25
          ]
        },
        "up": {
          "texture": "#all", "tintindex": 0,
          "uv": [
            0.25,
            14.5,
            0.125,
            14.375
          ]
        },
        "down": {
          "texture": "#all", "tintindex": 0,
          "uv": [
            0.375,
            14.375,
            0.25,
            14.5
          ]
        }
      }
    },
    {
      "from": [
        6.0,
        0.0,
        7.5
      ],
      "to": [
        7.0,
        6.0,
        8.5
      ],
      "rotation": {
        "angle": 45.0,
        "axis": "z",
        "origin": [
          4.0,
          9.0,
          8.5
        ]
      },
      "faces": {
        "north": {
          "texture": "#all", "tintindex": 0,
          "uv": [
            0.625,
            14.5,
            0.75,
            15.25
          ]
        },
        "south": {
          "texture": "#all", "tintindex": 0,
          "uv": [
            0.875,
            14.5,
            1.0,
            15.25
          ]
        },
        "east": {
          "texture": "#all", "tintindex": 0,
          "uv": [
            0.5,
            14.5,
            0.625,
            15.25
          ]
        },
        "west": {
          "texture": "#all", "tintindex": 0,
          "uv": [
            0.75,
            14.5,
            0.875,
            15.25
          ]
        },
        "up": {
          "texture": "#all", "tintindex": 0,
          "uv": [
            0.75,
            14.5,
            0.625,
            14.375
          ]
        },
        "down": {
          "texture": "#all", "tintindex": 0,
          "uv": [
            0.875,
            14.375,
            0.75,
            14.5
          ]
        }
      }
    }
  ],
  "display": {
    "head": {
      "rotation": [
        0.5,
        0.0,
        0.0
      ],
      "translation": [
        0.0,
        -6.57,
        0.0
      ],
      "scale": [
        1.601,
        1.601,
        1.601
      ]
    }
  }
}