{
  "textures": {
    "all": "ocean_additions:entity/mantis_shrimp/texture"
  },
  "elements": [
    {
      "from": [
        5.5,
        5.0,
        8.0
      ],
      "to": [
        10.5,
        8.0,
        16.0
      ],
      "rotation": {
        "angle": 0.0,
        "axis": "x",
        "origin": [
          4.5,
          5.0,
          29.0
        ]
      },
      "faces": {
        "north": {
          "texture": "#all", "tintindex": 0,
          "uv": [
            6.0,
            10.5,
            6.625,
            10.875
          ]
        },
        "south": {
          "texture": "#all", "tintindex": 0,
          "uv": [
            7.625,
            10.5,
            8.25,
            10.875
          ]
        },
        "east": {
          "texture": "#all", "tintindex": 0,
          "uv": [
            5.0,
            10.5,
            6.0,
            10.875
          ]
        },
        "west": {
          "texture": "#all", "tintindex": 0,
          "uv": [
            6.625,
            10.5,
            7.625,
            10.875
          ]
        },
        "up": {
          "texture": "#all", "tintindex": 0,
          "uv": [
            6.625,
            10.5,
            6.0,
            9.5
          ]
        },
        "down": {
          "texture": "#all", "tintindex": 0,
          "uv": [
            7.25,
            9.5,
            6.625,
            10.5
          ]
        }
      }
    }
  ],
  "display": {
    "head": {
      "rotation": [
        0.5,
        0.0,
        0.0
      ],
      "translation": [
        0.0,
        -6.57,
        0.0
      ],
      "scale": [
        1.601,
        1.601,
        1.601
      ]
    }
  }
}