{
  "textures": {
    "all": "ocean_additions:entity/mantis_shrimp/texture"
  },
  "elements": [
    {
      "from": [
        6.0,
        7.0,
        1.0
      ],
      "to": [
        9.0,
        9.0,
        8.0
      ],
      "rotation": {
        "angle": 0.0,
        "axis": "x",
        "origin": [
          4.0,
          4.0,
          22.0
        ]
      },
      "faces": {
        "north": {
          "texture": "#all", "tintindex": 0,
          "uv": [
            7.875,
            12.25,
            8.25,
            12.5
          ]
        },
        "south": {
          "texture": "#all", "tintindex": 0,
          "uv": [
            9.125,
            12.25,
            9.5,
            12.5
          ]
        },
        "east": {
          "texture": "#all", "tintindex": 0,
          "uv": [
            7.0,
            12.25,
            7.875,
            12.5
          ]
        },
        "west": {
          "texture": "#all", "tintindex": 0,
          "uv": [
            8.25,
            12.25,
            9.125,
            12.5
          ]
        },
        "up": {
          "texture": "#all", "tintindex": 0,
          "uv": [
            8.25,
            12.25,
            7.875,
            11.375
          ]
        },
        "down": {
          "texture": "#all", "tintindex": 0,
          "uv": [
            8.625,
            11.375,
            8.25,
            12.25
          ]
        }
      }
    }
  ],
  "display": {
    "head": {
      "rotation": [
        0.5,
        0.0,
        0.0
      ],
      "translation": [
        0.0,
        -6.57,
        0.0
      ],
      "scale": [
        1.601,
        1.601,
        1.601
      ]
    }
  }
}