{
  "textures": {
    "all": "ocean_additions:entity/mantis_shrimp/texture"
  },
  "elements": [
    {
      "from": [
        1.0,
        0.0,
        8.0
      ],
      "to": [
        15.0,
        0.0,
        24.0
      ],
      "rotation": {
        "angle": 22.5,
        "axis": "x",
        "origin": [
          8.5,
          2.5,
          25.5
        ]
      },
      "faces": {
        "north": {
          "texture": "#all", "tintindex": 0,
          "uv": [
            2.0,
            4.625,
            3.75,
            4.625
          ]
        },
        "south": {
          "texture": "#all", "tintindex": 0,
          "uv": [
            5.75,
            4.625,
            7.5,
            4.625
          ]
        },
        "east": {
          "texture": "#all", "tintindex": 0,
          "uv": [
            0.0,
            4.625,
            2.0,
            4.625
          ]
        },
        "west": {
          "texture": "#all", "tintindex": 0,
          "uv": [
            3.75,
            4.625,
            5.75,
            4.625
          ]
        },
        "up": {
          "texture": "#all", "tintindex": 0,
          "uv": [
            3.75,
            4.625,
            2.0,
            2.625
          ]
        },
        "down": {
          "texture": "#all", "tintindex": 0,
          "uv": [
            5.5,
            2.625,
            3.75,
            4.625
          ]
        }
      }
    },
    {
      "from": [
        11.0,
        7.0,
        10.0
      ],
      "to": [
        18.0,
        9.0,
        23.0
      ],
      "rotation": {
        "angle": 22.5,
        "axis": "y",
        "origin": [
          8.0,
          -0.8600500000000011,
          18.13817
        ]
      },
      "faces": {
        "north": {
          "texture": "#all", "tintindex": 0,
          "uv": [
            1.625,
            11.125,
            2.5,
            11.375
          ]
        },
        "south": {
          "texture": "#all", "tintindex": 0,
          "uv": [
            4.125,
            11.125,
            5.0,
            11.375
          ]
        },
        "east": {
          "texture": "#all", "tintindex": 0,
          "uv": [
            0.0,
            11.125,
            1.625,
            11.375
          ]
        },
        "west": {
          "texture": "#all", "tintindex": 0,
          "uv": [
            2.5,
            11.125,
            4.125,
            11.375
          ]
        },
        "up": {
          "texture": "#all", "tintindex": 0,
          "uv": [
            2.5,
            11.125,
            1.625,
            9.5
          ]
        },
        "down": {
          "texture": "#all", "tintindex": 0,
          "uv": [
            3.375,
            9.5,
            2.5,
            11.125
          ]
        }
      }
    },
    {
      "from": [
        2.0,
        6.0,
        8.0
      ],
      "to": [
        14.0,
        10.0,
        24.0
      ],
      "rotation": {
        "angle": 0.0,
        "axis": "x",
        "origin": [
          8.0,
          7.0,
          0.0
        ]
      },
      "faces": {
        "north": {
          "texture": "#all", "tintindex": 0,
          "uv": [
            9.25,
            2.0,
            10.75,
            2.5
          ]
        },
        "south": {
          "texture": "#all", "tintindex": 0,
          "uv": [
            12.75,
            2.0,
            14.25,
            2.5
          ]
        },
        "east": {
          "texture": "#all", "tintindex": 0,
          "uv": [
            7.25,
            2.0,
            9.25,
            2.5
          ]
        },
        "west": {
          "texture": "#all", "tintindex": 0,
          "uv": [
            10.75,
            2.0,
            12.75,
            2.5
          ]
        },
        "up": {
          "texture": "#all", "tintindex": 0,
          "uv": [
            10.75,
            2.0,
            9.25,
            0.0
          ]
        },
        "down": {
          "texture": "#all", "tintindex": 0,
          "uv": [
            12.25,
            0.0,
            10.75,
            2.0
          ]
        }
      }
    },
    {
      "from": [
        -2.0,
        7.0,
        10.0
      ],
      "to": [
        5.0,
        9.0,
        23.0
      ],
      "rotation": {
        "angle": -22.5,
        "axis": "y",
        "origin": [
          8.0,
          -0.8600500000000011,
          18.13817
        ]
      },
      "faces": {
        "north": {
          "texture": "#all", "tintindex": 0,
          "uv": [
            12.625,
            9.25,
            13.5,
            9.5
          ]
        },
        "south": {
          "texture": "#all", "tintindex": 0,
          "uv": [
            15.125,
            9.25,
            16.0,
            9.5
          ]
        },
        "east": {
          "texture": "#all", "tintindex": 0,
          "uv": [
            11.0,
            9.25,
            12.625,
            9.5
          ]
        },
        "west": {
          "texture": "#all", "tintindex": 0,
          "uv": [
            13.5,
            9.25,
            15.125,
            9.5
          ]
        },
        "up": {
          "texture": "#all", "tintindex": 0,
          "uv": [
            13.5,
            9.25,
            12.625,
            7.625
          ]
        },
        "down": {
          "texture": "#all", "tintindex": 0,
          "uv": [
            14.375,
            7.625,
            13.5,
            9.25
          ]
        }
      }
    }
  ],
  "display": {
    "head": {
      "rotation": [
        0.5,
        0.0,
        0.0
      ],
      "translation": [
        0.0,
        -6.57,
        0.0
      ],
      "scale": [
        1.601,
        1.601,
        1.601
      ]
    }
  }
}