  {
    "pools": [
      {
        "rolls": 1,
        "entries": [
          {
            "type": "minecraft:item",
            "name": "minecraft:tropical_fish",
            "functions": [
              {
                "function": "set_nbt",
                "tag": "{oa:{id:\"boiled_lobster\"},oa.item:1b,CustomModelData:393001}"
              },
              {
                "function": "minecraft:set_name",
                "name": {
                  "translate": "oa.item.boiled_lobster",
                  "color": "white",
                  "italic": false
                }
              },
              {
                "function": "set_lore",
                "lore": [
                  {
                    "translate": "oa.pack",
                    "color": "blue",
                    "italic": true
                  }
                ]
              }
            ]
          }
        ]
      }
    ]
  }
  