{
    "pools": [
      {
        "rolls": 1,
        "entries": [
          {
            "type": "minecraft:item",
            "name": "minecraft:carrot_on_a_stick",
            "functions": [
              {
                "function": "set_nbt",
                "tag": "{RepairCost:100,HideFlags:4,Unbreakable:1b,oa:{id:\"kings_claw\"},oa.item:1b,CustomModelData:393003,}"
              },
              {
                "function": "minecraft:set_name",
                "name": {
                  "translate": "oa.item.kings_claw",
                  "color": "white",
                  "italic": false
                }
              },
              {
                "function": "set_lore",
                "lore": [
                  {
                    "translate": "oa.pack",
                    "color": "blue",
                    "italic": true
                  }
                ]
              }
            ]
          }
        ]
      }
    ]
  }
  