  {
    "pools": [
      {
        "rolls": 1,
        "entries": [
          {
            "type": "minecraft:item",
            "weight": 1,
            "functions": [
              {
                "function": "set_nbt",
                "tag": "{oa:{id:\"lobster_meat\"},oa.item:1b,CustomModelData:393000}"
              },
              {
                "function": "minecraft:set_name",
                "name": {
                  "translate": "oa.item.lobster_meat",
                  "color": "white",
                  "italic": false
                }
              },
              {
                "function": "set_lore",
                "lore": [
                  {
                    "translate": "oa.pack",
                    "color": "blue",
                    "italic": true
                  }
                ]
              }
            ],
            "name": "minecraft:tropical_fish"
          }
        ]
      }
    ]
  }
  