{
    "pools": [
      {
        "rolls": 1,
        "entries": [
          {
            "type": "item",
            "weight": 1,
            "name": "minecraft:ghast_spawn_egg",
            "functions": [
              {
                "function": "set_count",
                "count": 1
              },
              {
                "function": "set_nbt",
                "tag": "{oa:{id:\"lobster_spawn_egg\"},oa.item:1b,CustomModelData:393000,EntityTag:{id:\"minecraft:wandering_trader\",Silent:1b,Team:\"global.antivil\",DeathTime:18s,DeathLootTable:\"ocean_additions:entities/lobster\",Health:8f,Tags:[\"oa.entity\",\"oa.lobster\",\"oa.lobster.spawn_egg\",\"global.ignore\"],CustomName:'{\"translate\":\"oa.entity.lobster\"}',ArmorItems:[{id:\"minecraft:leather_boots\",Count:1b,tag:{Unbreakable:1b,Enchantments:[{id:\"minecraft:depth_strider\",lvl:3s}]}},{},{},{}],ArmorDropChances:[-10000.000F,-10000.000F,-10000.000F,-10000.000F],HandDropChances:[-1000.000F,-1000.000F],ActiveEffects:[{Id:14b,Amplifier:1b,Duration:100000,ShowParticles:0b}],Attributes:[{Name:generic.max_health,Base:8},{Name:generic.movement_speed,Base:0.5}]}}"
              },
              {
                "function": "minecraft:set_name",
                "name": {
                  "translate": "oa.item.lobster_spawn_egg",
                  "color": "white",
                  "italic": false
                }
              },
              {
                "function": "set_lore",
                "lore": [
                  {
                    "translate": "oa.pack",
                    "color": "blue",
                    "italic": true
                  }
                ]
              }
            ]
          }
        ]
      }
    ]
  }