{
  "pools": [
    {
      "rolls": 1,
      "entries": [
        {
          "type": "minecraft:item",
          "name": "minecraft:carrot_on_a_stick",
          "functions": [
            {
              "function": "set_nbt",
              "tag": "{RepairCost:100,HideFlags:4,Unbreakable:1b,oa:{id:\"ocean_core\"},oa.item:1b,CustomModelData:393009,}"
            },
            {
              "function": "minecraft:set_name",
              "name": {
                "translate": "oa.item.ocean_core",
                "color": "white",
                "italic": false
              }
            },
            {
              "function": "set_lore",
              "lore": [
                {
                  "translate": "oa.pack",
                  "color": "blue",
                  "italic": true
                }
              ]
            }
          ]
        }
      ]
    }
  ]
}
