{
    "parent": "minecraft:item/handheld",
    "textures": {
      "layer0": "ocean_additions:item/broke_kings_claw_2"
    },
    "display": {
      "thirdperson_righthand": {
        "rotation": [62, -90, 0],
        "translation": [0, 3, 1.25]
      },
      "thirdperson_lefthand": {
        "rotation": [62, 90, 0],
        "translation": [0, 3, 1.25]
      },
      "firstperson_righthand": {
        "rotation": [0, -92, 0],
        "translation": [-0.5, 4.25, 1.5],
        "scale": [0.78, 0.78, 0.78]
      },
      "firstperson_lefthand": {
        "rotation": [0, 92, 0],
        "translation": [-0.5, 4.25, 1.5],
        "scale": [0.78, 0.78, 0.78]
      }
    }
  }