{
	"credit": "Made with Blockbench",
	"texture_size": [32, 32],
	"textures": {
		"0": "ocean_additions:entity/lobster/brown"
	},
	"elements": [
		{
			"from": [6, 1, 5],
			"to": [10, 4, 14],
			"rotation": {"angle": 0, "axis": "y", "origin": [0, 0, 2]},
			"faces": {
				"north": {"uv": [4.5, 4.5, 6.5, 6], "texture": "#0"},
				"east": {"uv": [0, 4.5, 4.5, 6], "texture": "#0"},
				"south": {"uv": [11, 4.5, 13, 6], "texture": "#0"},
				"west": {"uv": [6.5, 4.5, 11, 6], "texture": "#0"},
				"up": {"uv": [6.5, 4.5, 4.5, 0], "texture": "#0"},
				"down": {"uv": [8.5, 0, 6.5, 4.5], "texture": "#0"}
			}
		},
		{
			"from": [11, 0.2, 2],
			"to": [12, 3.2, 7],
			"rotation": {"angle": 45, "axis": "z", "origin": [11.42965, 1.64142, 4.5]},
			"faces": {
				"north": {"uv": [8, 9, 9.5, 9.5], "rotation": 90, "texture": "#0"},
				"east": {"uv": [11, 6.5, 9.5, 9], "rotation": 270, "texture": "#0"},
				"south": {"uv": [12, 9, 13.5, 9.5], "rotation": 270, "texture": "#0"},
				"west": {"uv": [9.5, 9, 8, 6.5], "rotation": 270, "texture": "#0"},
				"up": {"uv": [5.5, 9, 8, 9.5], "rotation": 270, "texture": "#0"},
				"down": {"uv": [9.5, 9, 12, 9.5], "rotation": 270, "texture": "#0"}
			}
		},
		{
			"from": [4, 0.2, 2],
			"to": [5, 3.2, 7],
			"rotation": {"angle": -45, "axis": "z", "origin": [4.57035, 1.64142, 4.5]},
			"faces": {
				"north": {"uv": [2.5, 8.5, 4, 9], "rotation": 270, "texture": "#0"},
				"east": {"uv": [4, 8.5, 2.5, 6], "rotation": 90, "texture": "#0"},
				"south": {"uv": [6.5, 8.5, 8, 9], "rotation": 90, "texture": "#0"},
				"west": {"uv": [5.5, 6, 4, 8.5], "rotation": 90, "texture": "#0"},
				"up": {"uv": [4, 8.5, 6.5, 9], "rotation": 90, "texture": "#0"},
				"down": {"uv": [0, 8.5, 2.5, 9], "rotation": 90, "texture": "#0"}
			}
		},
		{
			"from": [5, 2, 7],
			"to": [5, 4, 12],
			"rotation": {"angle": -22.5, "axis": "z", "origin": [0.5, 0.5, 6.5]},
			"faces": {
				"north": {"uv": [7.5, 9.5, 7.5, 10.5], "texture": "#0"},
				"east": {"uv": [5, 9.5, 7.5, 10.5], "texture": "#0"},
				"south": {"uv": [10, 9.5, 10, 10.5], "texture": "#0"},
				"west": {"uv": [7.5, 9.5, 10, 10.5], "texture": "#0"},
				"up": {"uv": [7.5, 9.5, 7.5, 7], "texture": "#0"},
				"down": {"uv": [7.5, 7, 7.5, 9.5], "texture": "#0"}
			}
		},
		{
			"from": [11, 2, 7],
			"to": [11, 4, 12],
			"shade": false,
			"rotation": {"angle": 22.5, "axis": "z", "origin": [15.5, 0.5, 6.5]},
			"faces": {
				"north": {"uv": [2.5, 9, 2.5, 10], "texture": "#0"},
				"east": {"uv": [5, 9, 2.5, 10], "texture": "#0"},
				"south": {"uv": [5, 9, 5, 10], "texture": "#0"},
				"west": {"uv": [2.5, 9, 0, 10], "texture": "#0"},
				"up": {"uv": [2.5, 9, 2.5, 6.5], "texture": "#0"},
				"down": {"uv": [2.5, 6.5, 2.5, 9], "texture": "#0"}
			}
		},
		{
			"from": [6, 3, -1],
			"to": [10, 3, 5],
			"faces": {
				"north": {"uv": [8.5, 3, 10.5, 3], "texture": "#0"},
				"east": {"uv": [5.5, 3, 8.5, 3], "texture": "#0"},
				"south": {"uv": [13.5, 3, 15.5, 3], "texture": "#0"},
				"west": {"uv": [10.5, 3, 13.5, 3], "texture": "#0"},
				"up": {"uv": [10.5, 3, 8.5, 0], "texture": "#0"},
				"down": {"uv": [12.5, 0, 10.5, 3], "texture": "#0"}
			}
		}
	],
	"display": {
		"ground": {
			"rotation": [0, -180, 0],
			"translation": [0, -9.5, -6]
		}
	}
}