{
	"credit": "Made with Blockbench",
	"texture_size": [64, 64],
	"textures": {
		"0": "ocean_additions:entity/kings_claw",
		"particle": "ocean_additions:entity/kings_claw"
	},
	"elements": [
		{
			"from": [3, 0, 0],
			"to": [13, 8, 16],
			"faces": {
				"north": {"uv": [4, 4, 6.5, 6], "texture": "#0"},
				"east": {"uv": [0, 4, 4, 6], "texture": "#0"},
				"south": {"uv": [10.5, 4, 13, 6], "texture": "#0"},
				"west": {"uv": [6.5, 4, 10.5, 6], "texture": "#0"},
				"up": {"uv": [6.5, 4, 4, 0], "texture": "#0"},
				"down": {"uv": [9, 0, 6.5, 4], "texture": "#0"}
			}
		}
	],
	"display": {
		"head": {
			"translation": [0, 12.25, -17.5],
			"scale": [2.3, 2.3, 2.3]
		}
	}
}