{
    "type": "minecraft:entity",
    "pools": [
      {
        "rolls": 5,
        "entries": [
          {
            "type": "minecraft:loot_table",
            "weight": 6,
            "name": "ocean_additions:items/kings_claw"
          },
          {
            "type": "minecraft:loot_table",
            "weight": 4,
            "name": "ocean_additions:items/ocean_king_helmet"
          },
          {
            "type": "minecraft:loot_table",
            "weight": 4,
            "name": "ocean_additions:items/ocean_king_chestplate"
          },
          {
            "type": "minecraft:loot_table",
            "weight": 4,
            "name": "ocean_additions:items/ocean_king_leggings"
          },
          {
            "type": "minecraft:loot_table",
            "weight": 4,
            "name": "ocean_additions:items/ocean_king_boots"
          }
        ]
      }
    ]
  }
  