{
    "entity.kings_claw.impact": {
        "sounds":   [
            "ocean_additions:entity/kings_claw/impact"
        ],
        "subtitle" : "oa.subtitle.entity.kings_claw.impact"
    },
    "entity.kings_claw.repair": {
        "sounds":   [
            "minecraft:block/calcite/place4"
        ],
        "subtitle" : "oa.subtitle.entity.kings_claw.repair"
    },
    "entity.kings_claw.crack": {
        "sounds":[
            "minecraft:block/pointed_dripstone/land4",
            "minecraft:block/pointed_dripstone/land3",
            "minecraft:block/pointed_dripstone/land2"
        ],
        "subtitle" : "oa.subtitle.entity.kings_claw.crack"
    },
    "entity.ocean_king.summon": {
        "sounds":   [
            "ocean_additions:entity/ocean_king/summon"
        ],
        "subtitle" : "oa.subtitle.entity.ocean_king.summon"
    },
    "entity.ocean_king.hurt": {
        "sounds":   [
            "ocean_additions:entity/ocean_king/hurt1",
            "ocean_additions:entity/ocean_king/hurt2",
            "ocean_additions:entity/ocean_king/hurt3"
        ],
        "subtitle" : "oa.subtitle.entity.ocean_king.hurt"
    },
    "entity.ocean_king.attack": {
        "sounds":   [
            "ocean_additions:entity/ocean_king/attack1",
            "ocean_additions:entity/ocean_king/attack2"
        ],
        "subtitle" : "oa.subtitle.entity.ocean_king.attack"
    },
    "entity.ocean_king.death": {
        "sounds":   [
            "ocean_additions:entity/ocean_king/death"
        ],
        "subtitle" : "oa.subtitle.entity.ocean_king.death"
    },
    "music.ocean_king": {
        "sounds":   [
            "ocean_additions:entity/ocean_king/music"
        ]
    }
}